0,1
RES00003,"['hhkim8', 'giver3', 'sc001']"
RES00005,"['jeje', 'dong3', 'hhkim4']"
RES00006,"['jeje', 'hhkim3', 'hhkim8']"
RES00007,"['hhkim123', 'kin123', 'hhkim3']"
RES00008,"['caregiver830101047', 'sc001', 'asd1212']"
RES00009,"['jeje', 'giver3', 'hhkim8']"
RES00010,"['hhkim8', 'giver3', 'jeje']"
RES00011,"['sc001', 'jeje', 'hhkim']"
RES00013,"['jeje', 'sc001', 'hhkim8']"
RES00014,"['sc001', 'hhkim5', 'dong3']"
RES00016,"['hhkim1', 'hhkim7', 'dong3']"
RES00017,"['sc001', 'hhkim123', 'dong3']"
RES00018,"['giver3', 'hhkim8', 'sc001']"
RES00019,"['hhkim8', 'hhkim5', 'jeje']"
RES00020,"['hhkim5', 'hhkim2', 'hhkim8']"
RES00021,"['hhkim1', 'asd1212', 'jeje']"
RES00023,"['giver3', 'hhkim8', 'sc001']"
RES00024,"['giver3', 'hhkim8', 'sc001']"
RES00025,"['jeje', 'hhkim8', 'kin123']"
RES00026,"['kin123', 'asd1212', 'dong3']"
RES00027,"['kin123', 'hhkim8', 'jeje']"
RES00028,"['hhkim8', 'kin123', 'jeje']"
RES00029,"['caregiver830101047', 'giver3', 'hhkim8']"
RES00030,"['hhkim8', 'hhkim1', 'hhkim4']"
RES00031,"['jeje', 'hhkim123', 'hhkim8']"
RES00032,"['caregiver830101047', 'hhkim8', 'giver3']"
RES00038,"['hhkim', 'hhkim1', 'giver3']"
